tweet_cleaned,sentimen
naevis gak flat watch smcu now next level aespa official,Negative
kalo liat ungu muka kek ngeselin bgt anjir pake rasuk black mamba gedeg ama nguu watch smcu now next level aespa official,Negative
suka pas winter nunjukin flat ngapain canggih banget pedang tembak watch smcu now next level aespa official,Negative
karina dlm pengaruh black mamba jahanam bgt mulut watch smcu now next level aespa aespa official,Negative
scene karina manggil aekarina jahat tuh kek pas bgt fake aka akun setup make ava member purapura jdi pdhl asli haters watch smcu now next level aespa official,Negative
keren banget gak tau gpp nunggu durasi tambah sih bgt makna sembunyi gak kayak hate comment sosial media tuntut sempurna wosh watch smcu now aespa official next level,Negative
black mamba usul darimana sih kalo unggah sosmed kalo hate komen kah nulis komen jahat kaum black mamba watch smcu now next level,Negative
part bikin gue takjub sih kek keren banget flat hubung langsung nya watch smcu now next level aespa official,Negative
keren banget sumpah deh merinding banget pas dark sidenya watch smcu now next level aespa official,Negative
apa isi video kek ajshdgdjdghsgsg campur aduk palagi pas scene rasuk black mamba relatedd bgt allah aespa watch smcu now next level,Negative
iya deh mba ungu tetep pilih karina btw turut scene deep sih citra publik yup tokoh publik sempurna kalo kaum black mamba aksi watch smcu now next level,Negative
bikin mrinding smcu visualisasi akting main alur cerita bgitu apik makna dalam distiap adegan kyak sempurna salah cuil bkalan hate sgala sisi watch smcu now next level aespa official,Negative
sentuh dark creepy rada kaget hati hati nonton karna scene unexpected lumayan rem watch smcu now next level aespa official,Negative
eps giselle tau klu kena hack giselle lihat tulis black mamba duluan hmm eps soon giselle lihat watch smcu now next level aespa official,Negative
ngerti sih knp banyak hate commen aespa iri iri capai aespa iri aespa keren serba iri emng konsep aespa semateng watch smcu now next level aespa official,Negative
naevis cantik banget pacar rela patok black mamba kena watch smcu now next level aespa official,Negative
suka hate orang temenan black mamba biar basmi aespa watch smcu now next level aespa official,Negative
nyesek bngt pas scene emng langsung ngeh langsung inget gmn jahat hate comment watch smcu now next level aespa official,Negative
kaya nyeritain hate komen gitu gas nyambung life too short endingnya karina bujuk rayu gantung bgt kubang watch smcu now next level,Negative
beruang pink raksasa nggak rem comel watch smcu now next level aespa official,Negative
black mamba jahat banget haters watch smcu now next level aespa official,Negative
gua ngerti kwangya trus ganggu black mamba black mamba nampakin watch smcu now next level aespa official,Negative
ungu kasi ngomong black mamba dibully watch smcu now next level,Negative
black mamba nih gambar haters sih gue watch smcu now next level aespa official,Negative
ayokk warga kwangya tonton smcu next level nyeritain jalan aespa kwangya ketemu black mamba makna sembunyi gak sih hate comment sosial media tuntut sempurna kualitas ofc watch smcu now next level,Negative
jujur gue nang pas ditangkep black mamba mata item watch smcu now next level aespa official,Negative
gue nonton smcu nyebut alas scene sumpah keren banget watch smcu now next level aespa official,Negative
ang scary gagi watch smcu now next level aespa official,Negative
nonton smcu bener-bener nggak rasa tau beres aja seru banget sih member akting bagus bekas pas giselle bilang black mamba watch smcu now next level,Negative
whoaa abis nonton smcu kerenn bangett black mamba haters watch smcu now next level aespa official,Negative
salah alas stan konsep keren bangett you re insane watch smcu now next level aespa aespa official,Negative
bener karina rasuk black mamba woy hidup udah mati beneran blm watch smcu now next level aespa official,Negative
black mamba versi orkestra vibesnya theme song avengers banget pas mobil nyetir ilang dejavu avengers infinity war pas thanos udah pake infinity stones watch smcu now next level aespa official,Negative
pakyu black mamba watch smcu now next level aespa official,Negative
naevis cantik banget maaf ungu muka rem black mamba watch smcu now next level aespa official,Negative
merindingg woyy black mamba haters najis watch smcu now next level aespa official,Negative
kena black mamba watch smcu now next level aespa official,Negative
asli ngmg hate comments watch smcu now next level aespa official,Negative
black mambanya muncul watch smcu now next level aespa official,Negative
duh allah ribet watch smcu now next level aespa official,Negative
temen suka bikin cerpen baru lihatin smcu black mamba langsung ken bikin cerita waah watch smcu now next level aespa official,Negative
nonton download link eat and love kill episode sub indo link link ketuahipmitersangkakpk selamat ulang moga spotify day ubah baik next level mafia hukum kalsel watch smcu now individu,Positive
watch smcu now giselle cool member keren tpi part luarr next level aespa aespa official,Positive
main orchestra cowo kartun siapaa woi watch smcu now next level aespa official,Positive
tohok banget sih asli kek angkat jalan cerita dunia duduk bumi good job lee soo man staff aespa watch smcu now next level aespa official,Positive
terima kasih lee soo man seonsaengnim staf keras projek smcu super duper sehat lee soo man seonsaengnim watch smcu now next level aespa official smtownglobal aespa,Positive
anilabiru iya ngestan aespa warna kpopannya lol watch smcu now next level aespa official,Positive
merinding bangett pas nonton gilakk pas nonton bilang wow wow woww saking kerennyaaga bosen inimah tonton watch smcu now next level,Positive
naevis gambar kayak mys defending aespa naevis love you watch smcu now next level aespa official,Positive
the real girl group next level nanggung banget woey episode nya watch smcu now next level aespa official,Positive
smcu worth jarang keren seru relate real life bikin penasaran good job aespa watch smcu now next level aespa official,Positive
savage aespa bilang ll make sure find your memories trs ending smcu naevis kek bingung ingat naevis hilang black mamba watch smcu now next level aespa official,Positive
aespa social aespa official hayuk gass watch smcu now next level aespa official,Positive
tuh ngestan aespa tuh sih lmao kesi banget watch smcu now next level aespa official,Positive
aespa social aespa official tunggu tunggu watch smcu now next level aespa official,Positive
gue perfect watch smcu now next level aespa official,Positive
sumpah pas scene related bangett kek real life aespa idol nyalahin karina nasib leader group serba salah the year watch smcu now next level,Positive
aespa social aespa official aespa jjang watch smcu now next level aespa official,Positive
giselle akting nya keren debut main drama nih anak watch smcu now next level aespa official,Positive
raga tetep real world jiwa kwangya gitu maksud watch smcu now next level aespa official,Positive
ngasih naevis rambut ningning thanks ningning watch smcu now next level aespa official,Positive
scene epic gilaa btw ungu mending sadar dah sblm kit ati denger jwbn rang orang watch smcu now next level aespa official,Positive
bikin konsep kaya aespa bayang ngeluarin duit kali temu kaya gin amazing banget watch smcu now next level aespa official,Positive
please coming really soon mesti beneran soming really soon sih keren ngegantung bgt woy watch smcu now next level aespa official,Positive
gilaa asa nonton film barbie campur action thriller watch smcu now next level aespa official,Positive
animasi sih banding action nya kek keren bgt bgt watch smcu now next level aespa official,Positive
gila keren banget main main seru watch smcu now next level aespa official,Positive
aespa social aespa official ayoo semangatt watch smcu now next level aespa official,Positive
yukk udah enjoy mys watch smcu now next level aespa official,Positive
aespabillboard aespa official excited bgtbgtbgt watch smcu now next level aespa official,Positive
aespa social aespa official yuhu bntr lagi watch smcu now next level aespa official,Positive
aespa social aespa official giselle cantik banget watch smcu now next level aespa official,Positive
aespa social aespa official karina cantik watch smcu now next level aespa official,Positive
aespa social aespa official watch smcu now next level aespa aespa official tambg,Positive
motorpenggerak kartu prakerja menko ekonomi airlangga hartarto top emang prada bakti wujud aman damai senin boikot indosiar airlangga hartarto watch smcu now doublast,Positive
aespa social yuk watch smcu now next level aespa official,Positive
yujiminjeong aespa official ayo twitter tolong kerja sama excited banget smcu watch smcu now next level aespa aespa official,Positive
aespa social aespa official watch smcu now next level aespa official,Positive
aespa social aespa official jijel zoom zoom out watch smcu now next level aespa official,Positive
aeloveuyjmn aespa official moga enjoy nontonnya watch smcu now next level aespa official,Positive
aespa social aespa official aespa jjang watch smcu now next level aespa official,Positive
woi temen excited banget ajakin nonton smcu watch smcu now next level aespa official,Positive
jam sih hahahaha watch smcu now next level aespa official,Positive
naevis uwu watch smcu now next level aespa official,Netral
keren banget trending watch smcu now next level aespa official,Netral
muka liat tua muka rem banyak oplas ah dasar tukang bully attitudenya jelek bgt ngatain sunbae gk modal visual senyum kalo sbnrnya ngigetnya aja sanggup watch smcu now next level aespa official,Netral
kerenn bgt aselii watch smcu now next level,Netral
wahh kek irene watch smcu now next level aespa girls aespa girls smcuep aespa official,Netral
episode keren alur bagus bikin merinding mewek gila wehh watch smcu now next level aespa girls aespa girls smcuep aespa official,Netral
episode dejavu bgt wehh watch smcu now next level aespa girls aespa girls smcuep aespa official,Netral
rem sih watch smcu now next level aespa official,Netral
bingung baca watch smcu now next level aespa official,Netral
scene bikin langsung keinget kak karina pas predebut debut aespa fans era forever masuk next level asli rumor banget scene sedih sih sayang kak karina watch smcu now next level,Netral
keren bgt giselle gila sumpah watch smcu now next level aespa aespa official,Netral
naevis masyaallah cantik bgt watch smcu now next level aespa aespa official,Netral
allah watch smcu now next level aespa aespa official,Netral
ohh iyayayayayaa paham watch smcu now next level aespa aespa official,Netral
tuju watch smcu now next level aespa aespa official,Netral
cakep bgt cakep bgt cakep bgt cakep bgt cakep bgt cakep bgt cakep bgt cakep bgt cakep bgt cakep bgt cakep bgt cakep bgt watch smcu now next level aespa official,Netral
hahahahah iya heran tonton watch smcu now next level aespa aespa official,Netral
horor bgt pas watch smcu now next level aespa aespa official,Netral
aespa gila keren bangedd udh diem deh nyari celah aespa picek mata watch smcu now next level aespa official,Netral
kayak kwangya atur wakanda deh watch smcu now next level aespa official,Netral
oke trending asai watch smcu now next level aespa aespa official,Netral
gua ngerti alur cerita nggak jelasin watch smcu now next level aespa aespa official,Netral
ngitung jam teaser lifes too short watch smcu now next level aespa official,Netral
orang orang ngestan giselle lambat salah idol bakat gudang stage watch smcu now next level,Netral
aespalogist karina anak baikk watch smcu now next level aespa official,Netral
omo omoo org kritis iya iya tuju watch smcu now next level aespa official,Netral
pede banget bilang gitu dasar ungu watch smcu now next level aespa official,Netral
cewek cantik bgtt watch smcu now next level,Netral
penuh aespa watch smcu now aespa next level aespa official,Netral
bangga bgt aespa watch smcu now next level aespa official karina winter ningning giselle,Netral
naevis cantik bgt watch smcu now next level aespa official,Netral
keren merinding banget nonton nya watch smcu now next level,Netral
winter silah kullanabilme watch smcu now next level aespa official,Netral
emang anak bandel watch smcu now next level aespa official,Netral
parah eps keren banget butuh eps nunggu btw giselle cantik banget watch smcu now next level aespa official,Netral
terngakak watch smcu now next level aespa official,Netral
taeseulrin kren banget sih jugak nyeritain jalan aespa ngelawatin banget hujat debut watch smcu now next level,Netral
naevis cantik banget watch smcu now next level aespa official,Netral
emang beneran keren watch smcu now next level aespa official,Netral
pantes bgt rilis yaa karna butuh ngeditnya animasi kartun avatar webtoon detail perhati hasil beneran keren asilii watch smcu now next level aespa official,Netral
durasi wehh jam kek watch smcu now next level aespa girls aespa girls smcuep aespa official,Netral
gak sia sia nunggu tahun wehh keren bngtt watch smcu now next level aespa girls aespa girls smcuep aespa official,Netral
sampau ngulang udah lohh kerenn bngett watch smcu now next level aespa aespa official,Netral
keren bngtt watch smcu now next level aespa girls aespa girls smcuep aespa official,Netral
gilakk bru opening udh mrinding watch smcu now next level aespa girls aespa girls smcuep aespa official,Netral
asli pecah banget buka sadar media sosial unggah watch smcu now next level aespa official,Netral
suka aespa versi gambar ama lucuu watch smcu now next level aespa official,Netral
wahh baguss watch smcu now next level aespa girls aespa girls smcuep aespa official,Netral
nontonnya pas kerja fokus udah keren bgt huhuu skrg rewatch watch smcu now next level aespa official,Netral
gilaa keren banget speechless watch smcu now next level aespa official,Netral
paham sampe tahun lanjut nya emang editingnya cuyy kerenn watch smcu now next level aespa aespa official,Netral
animasi aura aura cantik bgt sihh watch smcu now next level aespa official,Netral
watch smcu now next level aespa official gatau ngomong keren banget,Netral
stan aespa animek watch smcu now next level aespa official,Netral
konsep keren gua liat kpopers watch smcu now next level aespa official,Netral
relate banget dah hidup public figure watch smcu now next level aespa aespa official,Netral
hasil ngapain dah watch smcu now next level aespa official,Netral
keren banget gilaa watch smcu now next level aespa official,Netral
skipberat aespa cibinong watch smcu now next level aespa official,Netral
ciwi ciwiku terkerenn watch smcu now next level aespa official,Netral
habis pikir watch smcu now next level aespa official,Netral
gue penasaran watch smcu now next level aespa official,Netral
sabar nunggu crush peka sabar nunggu smcu eps watch smcu now next level aespa official,Netral
moga girls rilis watch smcu now next level aespa official,Netral
gila sih gue spechless watch smcu now next level aespa official,Netral
aespa official keren banget kereta jemput ber watch smcu now next level aespa official,Netral
keren bgt aespa official watch smcu now next level aespa official,Netral
aespa udah anime watch smcu now next level aespa official,Netral
aespa haters dibuatin film watch smcu now next level aespa official,Netral
pas sbnrnya makna dalem bgt mys udh ngikutin mrka debut tau bgt pake pas nonton aja langsung nyess watch smcu now next level aespa official,Netral
smcu asa drakor going gasabar nunggu eps watch smcu now next level aespa official,Netral
kece parah watch smcu now next level aespa official,Netral
gila keren banget aespa gue watch smcu now next level aespa official,Netral
ptangina bat ang ganda watch smcu now next level aespa official,Netral
coty gak sii naevis saejin watch smcu now next level aespa official,Netral
keren aespa gila keren banget watch smcu now next level aespa official,Netral
ini kerenn bangett gilaa wajibb tonton watch smcu now next level aespa official,Netral
artnya keren bangeett watch smcu now next level aespa official,Netral
keren abiss wehh niat sumpah watch smcu now next level aespa girls aespa girls smcuep aespa official,Netral
plss ngegantungg selesai kwerenn bgtt anjj beytwewey jijel cakepp bgtt kartun nya jga cakep watch smcu now next level aespa official,Netral
scene njirr kuat bikin nyesek watch smcu now next level aespa official,Netral
langsung reflek bilang gila giselle cantik banget watch smcu now next level aespa official,Netral
kayak film horor udah kasih tau klu rumah hantu kabur masuk watch smcu now next level aespa official,Netral
nang bgt bagus pol turut hahahahahhahaha kek gitu susah trs agk relate bbrp dialog nya kwkwkw asa nyindir haters wkwkwk trs menjwb bbrp scene watch smcu now next level aespa official,Netral
blm fokus karna konsep aespa emang udah next level banget gue ken tau guide nya watch smcu now next level aespa official,Netral
lagu next level lho nyadar keren bangett watch smcu now next level aespa official,Netral
taeseulrin yuk yukk watch smcu now next level aespa official,Netral
animasi keren bngt njirr watch smcu now next level aespa girls aespa girls smcuep aespa official,Netral
aespa next level keren banget anjir end kereta watch smcu now next level aespa official,Netral
gak sia nunggu tahun watch smcu now next level aespa official,Netral
smtownglobal sabar watch smcu now next level aespa official,Netral
cepat watch smcu now next level aespa official,Netral
serius nya nonton tbtb udahan wkwkw watch smcu now next level aespa official,Netral
sumpah keren serius keren watch smcu now next level aespa official,Netral
smcu relate aespa dah watch smcu now next level aespa official,Netral
terimakasih giselle watch smcu now next level aespa official,Netral
seru keren parah harap cptn muncul trus adegan aksi biar member nunjukin kuat watch smcu now next level aespa official,Netral
heh gantung watch smcu now next level aespa official,Netral
aespa keren bgt sumpahh boong animasi bgus bgt trus critanyaa relate bgt aespa hujat snaa mreka lawan smua pkknya keren sih wjb nntn watch smcu now next level aespa official,Netral
ungu songong bgt njir ngeselin watch smcu now next level aespa official,Netral
pokok gitu bentar mas puseng watch smcu now next level aespa official,Netral
pokok gitu bentar mas puseng watch smcu now next level aespa official,Netral
beneran keren cuyy penasaran ama eps nieh teori kalian nonton watch smcu now next level,Netral
gua bom mudeng wkwkkw bentar mas puseng watch smcu now next level aespa official,Netral
abis nonton lgsg watch smcu now next level aespa official,Netral
bentar mas puseng watch smcu now next level aespa official,Netral
niu bentar mas puseng watch smcu now next level aespa official,Netral
jujur scene jijel tuh atraktif gitu rasa banget emosi takut sayang jijel banyak watch smcu now next level,Netral
scene inget debut yampun nyesek poll watch smcu now next level aespa official,Netral
gue hatters sindir nontonnya wkwkwkw sekali sarkas ngena bgt watch smcu now next level aespa aespa official,Netral
gua beneran nang kaya woi keren banget anjirtt beneran ngasih gratis privilege watch smcu now next level aespa official,Netral
aespainaunion yuhuu keren watch smcu now next level aespa official,Netral
jujur project niat ttp gue nggak mudeng durasi sebentar kayak eps deh anw lupa nonton watch smcu now smcuep aespa aespa official,Netral
winter marah gak yah kalo oleng mba naevis watch smcu now next level aespa official,Netral
keren bangett sumpah merinding nontonnya wajib banget nonton sih btw endingnya gantung nya kah nnti watch smcu now next level aespa official,Netral
nonton cuss nonton watch smcu now next level aespa official,Netral
lucu seru sih badut jawab kek pinter bgt ngecohnya salut sih gue watch smcu now next level aespa aespa official,Netral
warnermusicph aespa official beut watch smcu now next level aespa official,Netral
menit beneran asa watch smcu now next level aespa official,Netral
genre horor kah watch smcu now next level aespa official,Netral
keren bgtt gabisa nih kalo nonton watch smcu now next level aespa official,Netral
taeseulrin iya nang bgt watch smcu now next level aespa official,Netral
menit rasa woy butuh cepat nih watch smcu now next level aespa official,Netral
maaf nya aja aespa watch smcu now next level aespa aespa official,Netral
liat scene winter nang watch smcu now next level aespa official,Netral
gua nunggu tahun gua bingung but kece bgt sih aespa sumpah watch smcu now next level aespa official,Netral
gokil keren bangett watch smcu now next level aespa official,Netral
karina pal cielo vas vieja culia watch smcu now next level aespa official,Netral
plis gua bingung lee watch smcu now next level aespa official,Netral
rekomendasi tonton minggu smcu watch smcu now next level aespa official,Netral
bentar asa orng bener asli saking suka bagus ken bikin review banget nonton watch smcu now next level aespa official,Netral
allah endingnya gantung bgtt butuh gasabar nunggunya watch smcu now next level aespa official,Netral
scene member dikomentarin beneran kek irl komenan netijen njirr langsung nylekit hati mungil sakit watch smcu now next level aespa official,Netral
latih ngedance hayo watch smcu now next level aespa official,Netral
naevis cantik bgt woi watch smcu now next level aespa official,Netral
pusing liat smcu eps watch smcu now next level aespa official,Netral
gua rewatch nih watch smcu now next level aespa official,Netral
merinding acting giselle nya keren banget watch smcu now next level aespa official,Netral
lovesyeongyu aespa official jajaja watch smcu now next level aespa official,Netral
aesfighting ungu watch smcu now next level aespa official,Netral
asli merinding banget jujur gua bilang teori luarbiasa rumit fans udah stan tau watch smcu now next level aespa official,Netral
naevis sumpah cakep banget yaallah masyaallah watch smcu now next level aespa official,Netral
ningning gemes bgt sih watch smcu now next level aespa official,Netral
sumpah keren bgt watch smcu now next level aespa official,Netral
jawab era debut nyambung bgt lagu emang stan watch smcu now next level aespa aespa official,Netral
aespa official keren banget ken nang saking keren nya watch smcu now next level aespa official,Netral
smtownglobal gila keren sih tim kreatif aespa tuh bentuk ngasilin hasil watch smcu now next level aespa official,Netral
nyeseknya asa watch smcu now next level aespa official,Netral
anjir anjir anjir bentar liat watch smcu now next level aespa official,Netral
sumpah eps kaya gambarin haters bgt wkwk watch smcu now next level aespa official,Netral
milihin ningning watch smcu now next level aespa aespa official,Netral
bilang aespa keren banget dah doang watch smcu now next level aespa official,Netral
kpopggsuperior aespa official yuhuu watch smcu now next level aespa official,Netral
untung pas nya dateng karina nyadar ngelanggar atur noleh mantap rin langsung duar rocket puncher watch smcu now next level aespa official,Netral
pas ending lumpur hitam kereta kai watch smcu now next level,Netral
allah keren bangeett watch smcu now next level aespa official,Netral
tuh rasuk watch smcu now next level aespa official,Netral
paham banget about kwangya karna emang udah siap matang anggep aneh konsep storyline pasar watch smcu now next level aespa aespa official,Netral
mnjjeong aespa official tuju situ sampe merinding tangan dingin watch smcu now next level aespa official,Netral
naevis cantik banget gasii oleng watch smcu now next level aespa official,Netral
please gua butuh lanjut watch smcu now next level aespa official,Netral
mydozen aespa official weh bgian gisel pling rem watch smcu now next level aespa official,Netral
gilaa keren banget abis nonton bingung asli nonton beneran takjub aespa keren orang belakang layar ngebuat keren bgtt watch smcu now next level aespa official,Netral
trending indonesia watch smcu now next level aespa official,Netral
aespa official diajarin akting watch smcu now next level,Netral
banget nonton sih kualitas gak watch smcu now next level aespa official,Netral
gambar gemes banget watch smcu now next level aespa official,Netral
pliss temenku unguapa kesel ungu sih dikit rada kesel muka ungu suram lgi watch smcu now next level aespa official,Netral
besok drop eps nya aespa official watch smcu now next level,Netral
yoophorina aespa official curi watch smcu now next level aespa official,Netral
keren jemur gantungin smtownglobal watch smcu now next level aespa official,Netral
ngeselin pas ungu ngata ngatain karina dih likeya pilih karina woe watch smcu now next level aespa official,Netral
ngapain udah jawabannyaa watch smcu now next level aespa official,Netral
seru banget sampe nelpon gubris maap liat watch smcu now next level aespa official,Netral
komik rilis watch smcu now next level aespa official,Netral
kren pilmnya watch smcu now next level aespa official,Netral
jujur karakter ningning kaya bocil banget woi watch smcu now next level aespa aespa official,Netral
udah liat clip smcu kalo gue dunia tau kalo smcunya aespa keren bgt watch smcu now next level aespa official,Netral
pas mata ubah item merinding sih watch smcu now next level aespa official,Netral
merinding sampe watch smcu now next level aespa official,Netral
ngerti anjir watch smcu now next level aespa official,Netral
jujur intro bikin merinding banget kwangya beneran cakep bgt yawlah watch smcu now next level aespa official,Netral
yoophorina watch smcu now next level aespa official,Netral
aespachart aespa official keren bgtt plplplss watch smcu now next level aespa official,Netral
nonton smcu merinding gilaa animasi nya gilss berword-word watch smcu now next level aespa official,Netral
usul rambut naevis watch smcu now next level aespa official,Netral
gue takut liat scene giselle winter watch smcu now next level aespa official,Netral
ngestan aespa seru watch smcu now next level aespa aespa official,Netral
karina animasi watch smcu now next level aespa official,Netral
gue bilang smcu keren wooii plss wajib nonton sihh fans liat watch smcu now next level aespa official,Netral
gue habis nonton watch smcu now next level aespa official,Netral
gue nntn smcu next level anjay merinding gue watch smcu now next level aespa official,Netral
anyway ayo tonton gais keren banget watch smcu now next level aespa official,Netral
oalah rambut naevis pendek pilih ningning watch smcu now next level aespa official,Netral
merinding banget nonton nya keren banget sumpahwatch smcu now next level aespa official,Netral
parah merindingg keren bgtt gataulagi pas mas ngess tpi fokus ngeliat ajaa keren banget watch smcu now next level aespa official,Netral
oleng siapa yakk betull oleng naevis watch smcu now next level aespa official,Netral
sedih bgt pas scene winter kek aja kek takut sampe ken lari watch smcu now next level aespa official,Netral
gila pas scene gue sampe deg deg watch smcu now next level aespa official,Netral
fandom merinding gilaa animasi konsep storylinenya mantap bgt gaad lawan kelas film sih watch smcu now next level aespa official,Netral
emang kuat anime tidack maen maen uri giselle cantik banget mbak naevis gila sihh kek orang asli cantik banget watch smcu now next level aespa official,Netral
related hidup karina karina narsis sosmed giselle giselle pusat perhati winter winter orang introvert ningning ningning komentar jahat sosmed watch smcu now next level aespa official,Netral
menit kuranggy watch smcu now next level aespa aespa official,Netral
kpopggsuperior orang orang tau tuh keren watch smcu now next level aespa official,Netral
karina koentji watch smcu now next level aespa official,Netral
eps watch smcu now next level aespa official,Netral
gak bingung banget smcu sie watch smcu now next level aespa official,Netral
stan aespa anime watch smcu now next level aespa official,Netral
nnton tau udh abiss watch smcu now next level aespa official,Netral
banget sihh scene kereta gue ngerasa gejolak batin wkwk asli kek ngerasa takut degdegan untung ungu watch smcu now next level aespa official,Netral
bentar mas puseng watch smcu now next level aespa official,Netral
giselleskr orang orang tau tuh keren watch smcu now next level aespa official,Netral
merindingg bgt gilaa watch smcu now next level aespa official,Netral
endingnya ngegantungg watch smcu now next level aespa official,Netral
aespamyunion orang orang tau tuh keren watch smcu now next level aespa official,Netral
aksjddkskdk watch smcu now next level aespa official,Netral
winter pas nengok takut bgt woy watch smcu now next level aespa official,Netral